conversation_id,utterance_id,utterance,groundtruth,caller
0,0,"가정용 컴퓨터, 하",EE,L
1,0,이게 마지막이야.,ED,L
1,1,이것이 너의 마지막 것이니?,RQ,R
1,3,이것은 나의 세번째 것이야,EE,R
1,5,한 번은 지난번의 옐로카드를 잊어버린 적이 있다.,DE,L
1,8,네. 내것은 산산조각이 날 뻔했다,EE,R
1,10,나는 그것을 세탁기에 넣었다.,DE,L
1,13,그들이 이제 다 읽을 수 있을지 궁금하다.,DD,L
1,15,다른 사람들은 뭘 했니?,QQ,R
1,16,아.,KK,L
1,17,내가 그것의 번호를 매겼어.,DE,L
1,18,너 그거 했니?,QQ,L
1,19,황금 시간,EE,L
1,21,아니 난 그러지 않았어.,KK,R
1,22,나도 몰라.,DD,L
1,23,다른 하나는 컴퓨터 스크린에도 있었다.,EE,L
1,25,...하려고 하는 중... 아.,EE,L
1,27,네가 선생님 같았던 곳,QE,L
1,28,그리고 두 가지 다른 반응을 보여야 했다구 ?,RQ,L
1,30,첫 장면?,QQ,R
1,31,네.,KE,L
1,32,그래  내가 그랬어.,KK,R
1,33,난 그게 좋아... 아 넘버 원,DD,L
1,35,다른 하나는..,EE,R
1,36,그들은 당신의 기억을 검사한다.,EE,L
1,37,너 추가 항목도 했니?,QQ,R
1,39,아뇨,KE,L
1,40,우리 반의 한 여학생이 방금 그것에 대해 말해주고 있었다.,EE,L
1,43,음...,KK,R
1,44,그것도 기억나는군,ED,R
1,45,아니니?,QQ,R
1,46,"약간,  하지만 더..",EE,L
1,47,"그래,  맞아",KK,L
1,48,저는 아무것도 몰라요.,DD,L
1,49,이번 일 말이야. 그렇지?,QQ,L
1,50,나도 몰라.,DD,R
1,51,"시카고로 돌아가서, 그들은 취소했다.",EE,L
1,53,직항편이 있었다.,EE,L
1,54,비행기로 돌아오다 그리고.,DE,L
1,55,나는 그것을 취소했다.,DE,L
1,56,우리는 육지로 가야만 했다.,CE,L
1,57,그리고 다시 방송에 나왔지,CE,L
1,58,어.,KK,R
1,59,"우리가 착륙했을 때, 새벽 2시 45분쯤이었다.",EE,L
1,62,이런,KK,R
1,63,늦었어.,EE,L
1,64,그냥 앉아서 그냥...,DE,L
1,65,그것은 가장 무서웠다.,ED,L
1,66,비행. 특히 그렇게.,ED,L
1,68,시카고까지 가는데 2시간이 걸린다.,EE,L
1,70,10분쯤 후에 돌아올 것이다.,EE,L
1,72,거기는 아직도 꽤 서늘하니?,QQ,R
1,74,시카고?,QQ,L
1,75,"그래,  그렇습니다.",KE,L
1,79,우리가 어제 그곳에 있었던 날은 꽤 괜찮았다.,ED,L
1,80,아직 여름은 아니다.,EE,L
1,83,육십 마일,EE,L
1,84,시카고의 서쪽,EE,L
1,85,나는 할머니를 뵈러 갔다.,DE,L
1,87,나는 그 이후로 그녀를 보지 못 했다.,DE,L
1,89,음...,KK,R
1,90,아직 정신을 바짝 차리고 있어,EE,L
1,91,아직도 쓰고 있다,EE,L
1,92,몇 주마다. 너도 알잖아.,RE,L
1,93,기분이 좋았다.,ED,L
1,96,이런.,KK,R
1,97,믿기질 않네,ED,L
1,98,처음으로 나는 그녀의 등에 올라타서 아직 살아 있는 것을 보았다.,DE,L
1,101,나는 이것이 시간이 걸리지 않기를 바란다.,DD,L
1,103,나는 그 후에 시험을 보았다.,DE,L
1,104,나도 알아.,DD,R
1,107,경제학 어이쿠,DE,L
1,108,난 그 코스가 싫어.,DD,L
1,109,나에겐 긴 한 학기였어.,ED,L
1,112,저에게는 아니죠. 너무 빨리 갔어.,ED,R
1,114,정말?,QQ,L
1,115,이건 그저.,ED,R
1,117,내 생각엔 몇 시간이나 걸리느냐에 따라 다르겠지.,DD,L
1,120,아마 9시,EE,L
1,121,이런.,KK,R
1,122,15분 정도 걸릴 수도 있고.,EE,R
1,124,그래요.,KK,R
1,125,학교에 싫증이 나서,DD,L
1,126,전공이 뭐야?,QQ,R
1,127,그것은 내가 과목을 수강 하느냐에 달려있다.,ED,L
1,129,전 잘 모르겠어요.,DD,L
1,131,할 수 있다,DD,L
1,132,내년 여름,EE,L
2,0,너도 오늘 시험이 있니?,QQ,L
2,2,오 예,KK,R
2,3,나도 시험을 봤다.,DE,R
2,4,너가 그랬어?,QQ,R
2,5,그래요.,KE,L
2,6,너의 선생님은 누구시니?,QQ,R
2,8,맥클랜드,EE,L
2,9,"오, 난 네 반이야, 그럼.",DE,R
2,11,"오 , 예",KK,L
2,12,9시?,QQ,R
2,13,그걸 어떻게 했다고 생각해?,QQ,R
2,16,나보다 전에 나는 걸로 생각했다 낫다.,DD,L
2,19,대부분 7장에 있었던 것 같지 않았니?,QQ,L
2,23,"그래, 많은 것들이 그랬다.",KC,R
2,25,나는 그것을 알고 있습니다.,DD,R
2,30,나도 알아.,DD,L
2,31,그래서 훨씬 더 쉬워졌어.,ED,R
2,33,정말로.,KK,L
2,34,나는 7장의 시트에 대한 모든 답을 알고 있었다.,DE,L
2,37,그리고 나는 내가 17번째 부분에서 완전히 나를 놀리지 않을 것이라는 것을 알았다.,DD,L
2,42,그냥 좀 친숙했을 뿐이야,DD,L
2,44,으흠,KK,R
2,45,그런데 그건 제14장에 나온 얘기야,ED,L
2,48,내 문제 때문에 그녀가 아웃라인을 알려줘서 기뻐.,DD,R
2,52,나도 몰라.,DD,R
2,53,그래요.,KK,L
2,54,나는 내가 그것을 더 잘했다고 생각할 것이다.,DD,R
2,57,그게 바로 내가 말한 것이다.,ED,L
2,59,내가 더 잘했다는 것을.,DE,L
2,61,내 생각에 그것은,DD,L
2,62,쉬운 시험이야. 내 생각에,DD,L
2,63,그녀는 공정하다.,ED,L
2,64,나는 그녀가 그랬으면 좋겠다.,DD,R
2,65,나는 그녀가 우리의 성적이 좋아지기 시작했는지 판단하여 우리의 최종 성적을 주길 바란다.,DD,R
2,69,그녀는 우리에게 더 좋은 점수를 줄 것이다.,EE,R
2,72,성적의 원인이 되다,ED,R
2,73,그래 그 혜택말이야,KK,L
2,74,의심의 여지없이. 내 성적은 지금까지 형편없었다.,EE,L
2,77,난 계속 퀴즈를 망치고 있어,DD,R
2,79,그녀는 내가 그 챕터를 읽기 전에 그들에게 퀴즈를 내곤 했다.,EE,R
2,83,처음엔 내가 그 퀴즈를 잘 쳤을 거야,DE,L
2,86,시험시간이 되기 전까지는 그 장을 전혀 읽지 않는다.,DE,L
2,90,나는 어젯밤 7시까지 시험공부를 시작하지 않았다.,DE,R
2,93,"응, 내가 시작했어",KK,L
2,94,열 시쯤,EE,L
2,95,너는 몇시에 잤니?,QQ,R
2,97,11시.,DE,L
2,98,나는 한시간 공부하고 그다음에 아침에 일어났어,EE,L
2,101,잠시 동안 공부했다.,DE,L
2,102,전혀 공부하지 않았다.,DE,L
2,103,기본적으로,DD,L
2,104,그 장을 읽다,DE,L
2,105,익숙해진 내 자신을,DE,L
2,107,그래? 아마도,KQ,R
2,108,"아마 네가 그 장을 읽고 그것에 주의를 기울인다면, 너는 아마 잘 할 것이다.",ED,R
2,113,그녀는 정확히 책에 있는대로 했어.,EE,L
2,115,"내 말은, 너도 알잖아",DD,L
2,116,심지어 그 작은 예시들 조차도 전혀 상상을 초월한다.,EE,L
2,120,나는 알아.,DD,R
2,121,그래서 너의 노트는 절대 책의 테두리를 벗어나지 않는다. 보통,ED,R
2,124,기말고사가 쉬웠으면 좋겠어.,DD,R
2,126,나는 그녀가 결승전에서 공정하기를 바란다.,DD,L
2,128,왜요?,QQ,R
2,129,왜냐하면 나도 몰라,DD,L
2,131,다른 사람보다 그녀를 데려가는 무언가가 있다.,ED,L
2,133,날 화나게 하는 것 같아,ED,L
2,134,저 숙녀분.,EE,L
2,135,그녀는 계속 글을 쓴다.,EE,L
2,137,그게 날 화나게 해,ED,L
2,139,나는 내가 그래야만 한다고 생각해,DD,L
2,142,나는 그 숙녀로부터 그것을 생각했다.,DE,R
2,144,그러나 그것은 전혀 나를 괴롭히지 않았다.,ED,R
2,145,얼마나 많은 실험들,QQ,R
2,146,무슨 짓을 한 거야?,QQ,R
2,147,이게 세 번째야.,EE,R
2,148,정말. 내 두번째,QQ,L
2,149,나는 하나를 하기로 되어 있었다.,DE,L
2,150,하지만 그 프로젝터가 고장났다고?,EQ,L
2,152,으흠,KK,R
2,153,그래서 나는 그것에 대해 신용을 얻었다.,DE,L
2,154,내가 하지 않아도 되더라도 말이야,DE,L
2,157,내가 플러그를 뽑으면 어떡해?,QQ,R
2,159,나는 더 많은 것을 해야 한다.,DE,L
2,160,네가지 이유보다 더 많은 이유가 있어 나는,DE,L
2,161,나는 방 번호를 적어 놓지 않았다.,DE,L
2,163,찾을 수가 없었어,DE,L
2,164,"그리고 또 다른,  나는 단지",EE,L
2,167,나는 그 남자가 나타날 것이라 생각하지 않았어.,DD,R
2,170,나는 내가 늦을 것 같다고 생각했어.,DD,L
2,172,10시 1분 전쯤이었다.,EE,L
2,174,나는 도서관에 있었다.,DE,L
2,175,내가 시계를 보았을 때.,DE,L
2,180,나는 한 번 더 해야해.,DE,L
2,181,이게 아마 나의 세 번째 물건일 거야.,EE,R
2,183,나는 에 등록했다.,DE,L
2,184,그 여자애요 그 중 한 명을 위해서요,EE,L
2,186,오  그거.,KK,R
2,187,전화 번호?,QQ,R
2,188,"그래, 그건 신용이야",KE,L
2,189,쉬운 거야.,ED,R
2,190,바보 같은 짓이야,ED,R
2,191,나는 왜 아무도 가입하지 않았는지 알아냈어,DE,L
2,194,그들은 모두 토요일에 있다.,EE,L
2,195,아니면 오후 5시에.,EE,L
2,196,누가 5시에 여기로 올라오길 원하니?,QQ,L
2,198,밤에?,QQ,L
2,199,"오,  내가 했어.",KK,R
2,200,나는 그것을 화요일 5시에 했다.,DE,R
2,202,그녀의?,QQ,L
2,203,응,KE,R
2,204,무슨 짓을 한 거야?,QQ,L
2,205,그녀는 이 TV 모니터 같은 것을 가지고 네 앞에 놓아둔다.,EE,R
2,209,그리고 이 모든 숫자들이 적힌 상자 앞에서.,EE,R
2,212,옆면에는 '그렇다'거나 '아니오'라고 쓰여 있는 큰 버튼이 두 개 있다.,EE,R
2,216,당신이 하는 일은.,RE,R
2,217,그녀는 너에게 질문을 한다.,EE,R
2,218,생각해 보구요.,AA,R
2,219,알았어요,IK,R
2,220,"상자 위에는 숫자가 하나, 둘, 셋?",EE,R
2,222,음-흠,KK,L
2,223,당신이 하는 일은.,EE,R
2,224,그녀는 너에게 한마디 해 줄 것이다.,EE,R
2,226,당신은 그 단어를 적는다.,RE,R
2,228,네가 아는 그녀의 작은 규모?,RQ,R
2,229,만약 그 말이 장미처럼 느껴져서 모두 행복하다면,RE,R
2,232,기분이 좋아지니까 세 번 밀어붙일 거야,RA,R
2,233,그게 널 슬프게 했다면,RE,R
2,234,하나 넣었겠지,RA,R
2,235,네가 신경 안 썼으면 너는 두개를 넣었을거야,AE,R
2,237,그런식으 로 잠깐 동안 진행됬다.,EE,R
2,239,그녀는 당신에게 단어나 단어의 정의를 줄 것이다.,EE,R
2,242,넌 골랐을거야.,RE,R
2,244,진실'이나 '거짓' 같은 것,EE,R
2,245,그는 관리인 같은 걸 올려놨을 거야,EE,R
2,248,그리고 그녀는 관리인이 사업가인 것처럼 정의를 내리곤 했다.',EE,R
2,252,예스냐 노냐.,RE,R
2,253,너는 그것을 위해 원어민이 되어야 한다고?,RQ,L
2,256,나는 손이 피곤해서 계속 손을 바꾸었다.,DD,R
2,261,그녀는 관리인이 사업가라고 말하곤 했다.,EE,R
2,264,나는 '예'라고 할 것이다.,DE,R
2,266,나는 그렇게 했다 약 세번 정도,DE,R
3,0,내가 박사과정을 거치면 지루하지 않길 바래.,DD,L
3,5,내가 한 건 천 개의 재고 조사를 한 거야,EE,R
3,7,아참,KK,L
3,8,너무 지루했다.,ED,R
3,9,내가 '숫자들'을 했어,DE,L
3,10,이것은 정말 흥미로웠어,ED,L
3,12,정말?,QQ,R
3,13,나는 낮잠을 잘 것이다.,DD,L
3,14,제 이름은 로빈,EE,L
3,16,제 이름은 정,EE,R
3,18,청?,QQ,L
3,19,아하.,KE,R
3,20,"너의 별명이니, 이름이니?",QQ,L
3,22,그건 제 이름이에요.,EE,R
3,28,시각적 자극을 생각하면 잘생긴 남자가 떠오른다.,DD,L
3,33,그것은 자극적이다!,ED,L
3,35,너는 어디 출신이니?,QQ,L
3,36,코리아,DE,R
3,37,아,KK,L
3,38,당신은 한국에서 오셨군요...,RE,L
3,43,"아니, 아니, 아니, 아니.",KE,L
3,44,방도 있고 방도 있고,EE,L
3,48,그들이 한국 하나를 위한 방이 있는 곳에서 활동할 때?,QQ,L
3,51,그래요.,KE,R
3,52,난 바로 그 맞은편에 있어.,DE,L
3,54,나는 왼쪽에 있다.,DE,L
3,56,유대인 조직이야.,EE,L
3,58,오.,KK,R
3,59,여자애가 있어,EE,L
3,60,그녀의 이름은 낸시 혹은 낸.,EE,L
3,62,그래  난 그녀를 알아.,KK,R
3,63,그녀의 성 알아?,QQ,L
3,64,성이 어떻게 되시죠?,QQ,R
3,65,아.. 내생각엔,KK,R
3,66,킴이야,EE,R
3,67,킴?,QQ,L
3,68,그녀는 정말 예쁘다.,ED,L
3,69,"야, 그녀는",KE,L
3,70,나의 영어 수업 시간에.,EE,L
3,71,우리 모두 싫어해,DE,L
3,72,우리 영어 선생님.,EE,L
3,73,그는 얼간이야.,EE,L
3,76,너는 심리학을 전공하고 있니?,QQ,L
3,78,"아니, 난 생물학 전공이야",KE,R
3,82,너는 생물학 학위는 뭐 할거니?,QQ,L
3,86,나는 몰라.,DD,R
3,88,봐  나는 생각했다.,RD,L
3,89,내가 뭘 전공할 건지 결정하기 전에 말이야,DD,L
3,92,뭘 전공하세요?,QQ,R
3,93,심리학,DE,L
3,94,Ohh.,KK,R
3,95,너도 알다시피,RE,R
3,96,나는 지금 1315를 수강하고 있어.,DE,R
3,98,아하,KK,L
3,99,그게 나도 수강하는거야.,EE,L
3,101,아  그렇구나.,KK,R
3,102,그게 너가 수강하는거구나.,RR,R
3,103,그래요.,KE,L
3,104,그리고 난 우리가 심리학을 6시간 더 할 수 있을 것 같아.,DD,R
3,109,"있잖아, 나",RD,R
3,110,심리학을 전공하지 않을 테니 심리학을 수강할까 생각중이었어.,DD,R
3,117,나는 어떤 걸 수강중이야.,DE,L
3,118,"이번 여름에, 나는 인간관계론을 같은 선생님과 들어",DE,L
3,122,나는 윌리엄을 얻었다.,DE,L
3,124,그래요.,KK,R
3,125,그리고 그는 정말 좋아.,ED,L
3,127,그는 여름에 인간관계를 가르치고 있어,EE,L
3,130,나는 그랑 함께 수강 중이야.,DE,L
3,131,나는 내 모든 수업을 그랑 함께 수강하려고 해.,DD,L
3,134,나는 정말 그가 좋아.,DD,L
3,135,그의 시험은 쉽다.,ED,L
3,136,저 사람이 그 교수야?,QQ,R
3,138,윌리엄...,EE,L
3,139,모르겠는데요,DD,L
3,140,그는 대학원생이다,EE,L
3,142,난 그가 가지고 있는 것을 안다.,DE,L
3,143,그는 박사과정 학생이고 박사학위를 위해 일하고 있어,EE,L
3,146,그는 정말 깔끔하다.,EE,L
3,147,나는 그의 수업을 즐긴다.,DD,L
3,148,나는 캐시를 가지고 있다.,DE,R
3,149,그녀는 대학원생이지,EE,R
3,151,그녀는 괜찮아,EE,R
3,152,오 제발.,KK,L
3,153,나는 머무를 수 없다.,DD,L
3,155,전 회의가 있어요.,DE,L
3,156,"응, 내가 가진",KK,R
3,157,회합도,EE,R
3,158,너 어디가?,QQ,R
3,159,"네, 어",KE,L
3,160,의 만남.,EE,L
3,161,유대인의,EE,L
3,162,학생 단체,EE,L
3,163,무슨 짓을 한 거야?,QQ,R
3,164,정기적인 모임이니?,QQ,R
3,165,"그래,  우리 얘기 하자면...",KK,L
3,166,"오늘, 우리는 랍비가 온다.",DE,L
3,168,그는 그것에 대해 말하려고해.,EE,L
3,170,"아, 마치 ",KK,L
3,171,국제일,EE,L
3,172,"오, 그래",KK,R
3,173,"맞아,",KK,L
3,174,우리는 이스라엘을 내세우고 있다.,CE,L
3,176,또 뭐가?,QD,L
3,177,선거가 다가오고 있다.,EE,L
3,178,우리가 얘기하려고 하는 다른 것,EE,L
3,181,하지만 나는 1시에 수업이 있어.,DE,L
3,184,이것은 나의 점심 휴식시간이다.,EE,L
3,186,내 지갑에 있는 오렌지. 나를 먹어줘 라고 말해.,EE,L
3,190,실험의 이름은 무엇인가?,QQ,R
3,193,기억이 안 나요.,DD,L
3,194,그냥 난.,DD,L
3,195,그게 내가 와서 할 수 있는 유일한 실험이었어,ED,L
3,198,"그래서, 나는 내 이름을 적어놨지",DE,L
3,200,나도 했어.,DD,R
3,201,몇 개나?,QQ,R
3,202,너는 꼭 해야만 해?,QQ,R
3,204,하나 더?,QQ,R
3,205,난 네 개를 가지고 있다.,DE,L
3,206,나는 이거 재미로 하는 거야,DD,L
3,208,"그래, 좋아.",KK,R
4,0,당신은 심리학을 수강하고 있습니까?,QQ,R
4,2,응. 왜 너는 그걸 듣니?,QQ,L
4,4,너의 호기심이야?,QQ,L
4,5,그래요.,KD,R
4,8,만약 당신이 심리학을 택하신다면 밤도 있어요,EE,L
4,11,내가 추측하기에.,DD,L
4,12,나는 그들이 할 수 있는지 모르겠다.,DD,L
4,13,여름용인지 아닌지.,DD,L
4,14,뭐라고?,QQ,R
4,15,실험,EE,L
4,17,"기본적으로, 그들이 하는 일은 모든 신입생들을 소개 수업에 데리고 가서 실험하고 실험하는 것입니다.",EE,L
4,23,내가 추측하기에.,DE,L
4,24,하나는 약간,ED,L
4,26,뭐였더라,QQ,R
4,27,전화하셨나요?,QQ,R
4,29,내 생각엔 그건 정말 형식적이야.,DD,L
4,31,지금까지 참을 만큼 참았다,DD,L
4,32,로그온한 경우,RE,L
4,34,그들은 무언가를 번쩍인다.,EE,L
4,35,그들은 단어와 정의의 정확성을 다루는 정의를 제시합니다.,EE,L
4,43,주어진 단어를 만들고 정의하고 정의를 비교하는 방법을 설명합니다.,EE,L
4,48,당신이 이것이 옳은지 또는 그른지에 대해 말해야겠습니다.,RE,L
4,52,일반적으로 응답 시간 같았습니다.,EE,L
4,55,그리고 다른 하나는... 였다. 아.. 아.. 직업적인 결정이죠,EE,L
4,59,그것은 두 부분이었다.,EE,L
4,61,이것이 나의 네번째 물건이야,EE,L
4,64,한 가지 더 해야 할 일이 있다,EE,L
4,65,하지만...아.,RE,L
4,66,"이 시간동안, 당신은 할 수 있습니다... 아, 당신이 원하면 언제든지, 당신은 그만둘 수 있습니다.",RE,L
4,71,"너가 뭔가에 직면한 것처럼 느낀다면,",RE,L
4,75,지금껏 내가 그런 적은 없었지만.,DD,L
4,78,나는 잠을 잘 수 있었다.,DD,L
4,79,"그래, 나는 너를 밖에서 봤어. ",KK,R
4,81,"음, 나는 피곤해졌어 ",KK,L
4,83,"그의 목소리는 매우 단조롭고, 매우 낮다.",EE,L
4,89,나 관심있어.,DD,L
4,91,그래요.,KK,R
4,92,내 심리 선생님들은 정말 멋지셔.,EE,L
4,95,나의 철학 선생님은 너의 주의를 끌지 못한다.,EE,L
4,102,내 생각에 우리는 프로젝터를 살펴봐야 할 것 같아.,DE,L
4,107,"그들이 내 기억을 원한다면, 그것은 작동하지 않을 것이다.",EE,R
4,110,그것은 항상 나를 놀라게 한다.,ED,L
4,112,심리학,EE,L
4,113,너는 왜 사람들이 수업에 결석하는지 아니?,QQ,L
4,116,왜?,QQ,R
5,0,한 번도 실험해 본 적이 없다고?,QQ,M
5,1,아니요.,KE,F
5,2,한 번도?,QQ,M
5,3,아니요.,KE,F
5,4,너가 그랬어?,QQ,F
5,5,아니요.,KE,M
5,6,내 친구들 중 몇몇은 사랑하는,EE,M
5,7,단기 기억력 같은 걸 테스트한 거야,EE,M
5,8,너도 알다시피,RE,M
5,9,그들의 오랜 기억력.,EE,M
5,10,그것은 파란색 또는 초록색이었다.,EE,M
5,11,이것은 빨간 실험이다.,EE,M
5,12,나는 몰라.,DD,M
5,13,이것은 녹색 실험이다.,EE,F
5,14,초록색?,QQ,M
5,15,그래요.,KE,M
5,16,아참,KK,M
5,17,내 잘못이다.,EE,M
5,18,그녀는 방금 나에게 이것은 빨간색이라고 말했다.,EE,M
5,19,아참,KK,F
5,20,나는 녹색에 등록했다.,DE,F
5,21,나는 적자에 등록했다.,DE,M
5,22,당신은 입문심리학을 좋아하십니까?,QQ,M
5,23,음,KE,F
5,24,1315?,QQ,M
5,25,내 것은 1311번지,DE,M
5,26,4시에 끝났으면 좋겠다.,DD,F
5,27,뭐가 그렇게 오래 걸리는지 모르겠어,DD,M
5,28,그건...,EU,M
5,29,올해가 ut에서 너의 첫해니?,QQ,M
5,30,아니요.,KE,F
5,31,올해로 2년차야.,EE,F
5,32,2학년생,DE,M
5,33,3학년생,DE,F
5,34,3학년생,RE,M
5,35,응.,KK,F
5,37,너는 2학년이니?,QQ,F
5,38,그래요.,KE,M
5,39,2학년 학생,EE,M
5,41,전공이 뭐야?,QQ,F
5,42,경영학,EE,M
5,44,너 심리학과 있니?,QQ,F
5,45,음...,KK,M
5,47,난 그저 선택권자로 받아들일 뿐이야,DE,M
5,48,내 생각에 넌 심리 과정이 필요해.,DD,M
5,49,하지만 다른 것.,DD,M
5,50,다른 코스 번호,EE,M
5,51,지난번에도 같은 실험을 하러 왔었는데,DE,M
5,52,하지만 내 생각엔 뭔가 잘못된 것 같아,DE,M
5,53,그래서 그들은 나에게 하나의 신용을 공짜로 주었다.,EE,M
5,54,단지 나타나기 위해서.,EE,M
5,56,이건,EE,M
5,57,저렇듯,EE,M
5,58,그래도 없는 것보다는 낫다,ED,M
5,59,그거 좋은데.,EI,F
5,60,그래요.,KK,M
5,61,가입하기 어렵다,EE,F
5,62,그래요.,KK,M
5,63,적당한 때를 찾으려고 애쓰다,IE,M
5,65,그들은 매우 많은 원어민들을 가지고 있다.,EE,F
5,67,어디서 오셨습니까?,QQ,M
5,68,나는 이란에서 왔다.,DE,F
5,69,이란?,RQ,M
5,70,좋아.,KK,M
5,71,너는 무슨 언어를 쓰니?,QQ,M
5,72,나는 프랑스어를 한다.,DE,F
5,73,알았어요,KK,M
5,74,나는 프랑스에 살았었다.,DE,F
5,75,응.,KK,M
5,76,나는 거기에 두어 번 가본 적이 있다.,DE,M
5,77,나는 캐나다에 살았었다.,DE,M
5,78,나는 캐나다에 가본 적이 없다.,DE,F
5,79,정말 좋다,ED,M
5,80,나는 소리를 들었다.,DD,F
5,81,당신은 프랑스어를 하나요?,QQ,F
5,82,그래요.,KE,M
5,83,조금요.,KE,M
5,84,하지만 너도 알잖아,RD,M
5,85,지금은 잊어버린 것 같아.,DD,M
5,86,그게 우리가 퀘벡에서 했던 일이야.,EE,M
5,87,서너 개의 언어처럼 말하곤 했다.,EE,M
5,88,그 중 하나는 콜롬브란이었다.,EE,M
5,89,그곳이 내가 콜롬비아에서 태어난 곳이다.,EE,M
5,90,스페인어를 할 줄 아십니까?,QQ,F
5,91,그래요.,KE,M
5,92,나는 스페인어를 유창하게 말한다.,DE,M
5,93,나는 아라빅을 유창하게 말한다.,DE,M
5,94,아빠의 파키스타니 때문에,EE,M
5,95,정말?,QQ,F
5,96,그래요.,KE,F
5,97,그리고 영어,EE,F
5,98,그래요.,KK,M
5,99,그리고 프랑스어,DE,M
5,100,지금쯤이면 잊어버린 것 같아.,DD,M
5,101,나는 스페인어를 조금 하고,DE,F
5,102,그럼 보통 어디서 왔다고 말하는 거야?,QQ,F
5,103,내가 부탁받았을 때?,QQ,M
5,104,신문에서 물어보면 항상 흰색을 칠하고,DE,M
5,105,그렇지만,KK,M
5,107,하지만 배경으로는 백인과는 아무런 관계가 없다.,EE,M
5,108,"하지만 사람들이 나에게 그걸 물어보면, 나에게 말해줘.",DE,M
5,109,음.,KK,F
5,110,나는 무엇을 넣어야 할지 모르겠다. 왜냐하면 나는 아시아인을 가지고 있기 때문이다.,DE,F
5,111,그래요.,KK,M
5,112,그게 바로 내가 말하려던 거였어,ED,M
5,113,나는 아시아에서 왔지만,DE,F
5,115,그들은 하지 않는다,RD,F
5,116,그래요.,KK,M
5,117,나도 아시아에서 왔어,DE,M
5,119,나는 중동에서 왔다.,DE,F
5,120,하지만 그들은 중동을 가지고 있지 않다.,EE,F
5,121,을 무시하다,AA,M
5,123,나는 프랑스어를 넣었다.,DE,F
5,124,내 말은.,DD,F
5,126,하얀색,EU,F
5,127,나도 그렇게 생각했어,ED,M
5,128,대부분의 사람들은 그것을 믿는다.,ED,M
5,129,그래서 당신은 지금 여기 합법적인 거주자 입니다.,RQ,F
5,130,그래요.,KE,M
5,131,나는 지금 그래.,DE,M
5,132,난 여기 산지 꽤 됐어,DE,M
5,133,한동안 텍사스에서.,DE,M
5,134,8년간.,EE,M
5,135,또는 그 이하,EE,M
5,136,대략 6년 혹은 7년,EE,M
5,137,그래서 여기서 너는 레지던트 수업료를 지불했어.,II,F
5,138,그래요.,KE,M
5,139,그거 좋은데.,EI,F
5,140,나는 국외에서 지불한다.,DE,F
5,141,비싸네.,ED,M
5,142,그렇죠?,QQ,M
5,143,응.,KE,F
5,144,한 달에 500달러야,EE,F
5,145,나는 12시간만 일하고 있다.,DE,F
5,146,12시간?,IQ,M
5,147,한 학기에 500달러야,EQ,M
5,148,459달러야.,EE,F
5,149,그런 거.,EE,F
5,150,그런가요?,QQ,M
5,151,한 학기,QQ,M
5,152,그래요.,KE,F
5,153,아뇨,KE,F
5,154,한 달,EE,M
5,155,한 달,RE,F
5,156,아참,KK,M
5,157,알았어요,KK,M
5,158,왜냐하면 나는...,DU,M
5,159,2천 달러정도거든.,EE,F
5,160,그것은 별것 아니다,ED,M
5,161,참 많네,ED,F
5,162,왜냐하면 나는 ...에 500을 지불하기 때문이다.,DE,M
6,0,여자들만의 실험인 줄 알았는데,DD,F
6,1,난 그게 남자의 유일한 실험인 줄 알았어.,DD,M
6,2,아참,KK,F
6,3,정말?,QK,F
6,4,그렇게 적혀 있었어.,EE,M
6,5,음.,KK,F
6,6,청색용?,QQ,M
6,7,그래요.,KE,F
6,8,이렇게 되어 있다,KK,F
6,9,음.,KK,F
6,10,나 지금 -,DD,F
6,11,이렇게 되어 있다,EE,F
6,12,나는 그것이 녹색이라고 불린다고 생각했다.,DD,F
6,13,음.,KK,M
6,14,"지금 내가 가입했을 때, 그것은 파란색이라고 불렸어야 했다.",EE,M
6,16,아마 그들은 우리를 속이는 중일거야.,ED,F
6,17,실험의 일부일지도 몰라,EE,F
6,18,아참,KK,F
6,19,음.,KK,F
6,20,내가 제대로 된 실험인지 물어봐야 할 것 같아.,DD,F
6,21,나는 아마 그럴 것이다.,DD,F
6,22,나는 거기에 있을거라 생각했어.,DD,M
6,23,내 생각엔..,DD,M
6,24,나는 그것이 게시판에 있었다는 것을 안다.,DD,M
6,25,내가 그것을 신청했을 때,DE,M
6,26,그렇게 하기로 되어 있었다.,EE,M
6,27,그래요.,KK,F
6,28,빨간.,KK,F
6,29,"파랑, 초록, 침대",EE,M
6,30,그래요.,IE,F
6,31,맞다,IE,F
6,32,그들이 몇 호실에 나타나라고 했니?,QQ,F
6,33,420,EE,M
6,34,아하,KK,F
6,35,그게 바로 그거야.,EE,F
6,36,속임수야.,ED,F
6,37,아마 다른 여자가 어딘가에 있을 거야,EE,F
6,38,다른 남자와 함께,EE,F
6,39,그래요.,KK,M
6,40,뭐 그런 것,KK,M
6,42,그래요.,KK,F
6,43,아참,KK,F
6,44,음.,KK,F
6,45,괜찮아.,ED,F
6,46,나는 어제 실험을 했다.,DE,M
6,47,그것은 이 작은 퍼즐이었니?,EE,M
6,48,그리고 그들이 한 일은,EE,M
6,49,너가 끝냈어.,EE,M
6,50,그리고 너가 점수를 매기기로 했잖아,RE,M
6,51,그리고 그들이 한 일은,EE,M
6,52,그들은 너에게 정말 좋은 점수를 준다.,EE,M
6,53,그리고 그들은 당신의 반응을 보려고 했어,EE,M
6,55,너도 알다시피,RE,M
6,56,너가 뭔가 말했어야 했는데,EE,M
6,57,너도 알다시피,RE,M
6,58,이렇게 좋은 점수를 받아야 한다고 생각하지 않아.,DD,M
6,59,아니면 뭐 그런 거.,DD,M
6,60,너도 알다시피,RE,M
6,61,그냥 퍼즐을 맞춰야 하는 거였어?,EQ,F
6,62,그래요.,KE,M
6,63,음.,KK,M
6,64,그것은 그들 중 한 단어 퍼즐 거래였다.,EE,M
6,65,너가 다른 편지들을 가지고 있는 곳,EE,M
6,66,그리고 그들은 당신에게 한 마디를 준다.,EE,M
6,67,그들은 너에게 편지를 준다.,EE,M
6,68,그게 진짜여야 할 것 같아,EE,M
6,70,너도 알다시피,RE,M
6,71,그들은 아마도 b-g-l을 가질 것이다.,EE,M
6,72,하지만 그 위에는 개가 있다.,EE,M
6,73,그 글자들은 d를 나타낸다.,EE,M
6,74,너도 알다시피,EE,M
6,75,등등,EE,M
6,76,너는 퍼즐을 맞춰야 해,EE,M
6,77,알겠습니다.,KK,F
6,79,그는 ''정말 그렇게 좋은 점수를 받았다고 생각했니?'',EE,M
6,80,너도 알다시피,RE,M
6,82,"나는 ""헤이""이라고 말한다.",DE,M
6,83,그녀가 내가 받은 게 바로 그거야.,EE,M
6,84,"그래서, 나는 이렇게 생각했어.",DD,M
6,85,우리는 그게 진짜라는 걸 알게 됐지,EE,M
6,86,그들은 단지 네가 어떻게 반응하는지 보고 싶었을 뿐이야,EE,M
6,87,그런 점수를 받았다면.,EE,M
6,88,음.,KK,F
6,89,이것들 - 그 실험들은 재미있다.,ED,F
6,90,제 말은.,DD,F
6,91,나는 언젠가 이것을 하기를 희망한다.,DD,F
6,92,나는 심리학을 전공하고 있다.,DD,F
6,93,음.,KK,M
6,94,커피를 마시고 싶다.,DD,F
6,95,유일한 장점은 2시간이라는 거야,ED,M
6,96,너는 2시간 크레딧을 받는다.,EE,M
6,97,그래요.,KK,F
6,98,정확히,KC,F
6,99,나쁘지 않은데요,ED,M
6,101,이 시간에 여기 주차하는 게 그렇게 나쁘다고 생각하지 않으세요?,QQ,F
6,102,주차할 곳이 없는 것 같다,EE,F
6,103,으응.,KK,M
6,104,나는 방금 운이 좋았다.,DD,F
6,105,누군가가 빠져나오고 있었다.,EE,F
6,106,나는 항상 화요일과 목요일이 그렇게 바쁘지 않을 것이라고 생각했다.,DD,M
6,107,"하지만 월요일, 수요일, 금요일 같아",EE,M
6,108,그래요.,KK,F
6,109,이것은 끔찍한 일입니다.,ED,F
7,0,바어발트,KE,F
7,1,바어발드?,QQ,M
7,2,너는 누구를 가지고 있니?,QQ,F
7,3,캠,DE,M
7,4,음.,KK,F
7,5,난 잭슨이라는 사람이 있었어 여기 첫 학기가 말이야.,DE,F
7,6,"오, 그렇군요.",KK,M
7,7,그는 존 레논처럼 보였다.,ED,F
7,8,그의 쌍둥이였을 수도 있어,ED,F
7,9,그 안경을 썼고.,EE,M
7,11,"한 학기 내내, 매일 같은 옷을 입었다.",EE,F
7,12,"오, 그렇군요.",KK,M
7,13,나는 그것을 월요일 - 수요일 - 금요일에 가지고 있었다.,DE,F
7,14,매일 같은 옷,EE,F
7,15,마치 그가 그들과 잠자리를 같이 한 것처럼.,EE,M
7,16,잠에서 깼다,EE,M
7,17,매일 그들은 조금 더 나빠 보였다.,ED,M
7,18,샤워를 하지 않았다.,EE,F
7,19,오 안돼.,KK,M
7,20,전혀.,EE,F
7,21,올라가서 질문하고 싶지 않겠지?,IQ,M
7,22,아니요.,KD,F
7,23,토하다,UD,M
7,24,나는 앉았다.,DE,F
7,25,그것은 그 큰 교실들 중 하나였다.,EE,F
7,26,나는 방 뒤쪽에 앉았다.,DE,F
7,27,"예, 뭐.",KK,M
7,28,이 실험들은...,ED,F
7,29,우리는 또한 그 수업을 위해 세 가지 실험을 해야 했다.,DE,F
7,30,그들은 정말 흥미로워진다.,ED,F
7,31,너는 지금 무슨 반이니?,QQ,M
7,32,인트로가 아닌,QQ,M
7,33,그래?,QQ,M
7,34,음.,KK,F
7,35,그래요.,KE,F
7,36,그래요?,QQ,M
7,37,또 다른 도입부 수업이다.,EE,F
7,38,그래서 첫 학기에 뭘 배웠니?,QQ,M
7,40,나는 단지 하나라고 생각했다.,DD,M
7,41,"음, 두 개야",KK,M
7,42,두 개 있다,ER,F
7,43,약간 두 개 있다.,EE,M
7,44,하지만 그들은 다른 책을 사용하기도 하고,EE,M
7,45,어?,KQ,M
7,46,하지만 나는 그들 둘에 대해 신용을 얻을 수 있어,DE,F
7,47,그래서 나는 다른 수업이 필요하다고 생각했다.,DD,F
7,48,그래요.,KK,M
7,49,그들은 둘다 그래.,EE,M
7,50,음.,KK,M
7,51,둘 다 똑같아서 같은 소재를 가릴 거야,EE,M
7,52,으응.,KK,F
7,54,라고 불리다.,EE,F
7,55,음.,KK,F
7,56,1315년 이라고 한다.,EE,F
7,57,그리고 다른 하나는 1311번이다.,EE,M
7,58,알았어요,KK,F
7,59,나는 지금 1311에 있다.,DE,F
7,60,으응.,KK,M
7,61,나는 첫 학기에 1315번 시험을 보았다.,DE,F
7,62,그래요.,KK,M
7,64,그럼 2학년인 거야?,QQ,M
7,65,3학년 학생.,DE,F
7,66,아 3학년.,RE,M
7,67,나는 단지 필요했다.,DD,F
7,68,저도 역시 마찬가지에요.,DC,M
7,69,나는 단지 쉬운 수업이 필요했다.,DD,F
7,70,아참,KK,M
7,71,음.,KK,M
7,72,전공이 뭐예요?,QQ,M
7,73,정치 과학.,EE,F
7,74,아참,KK,M
7,75,정말?,QK,M
7,76,그러한 교양과목의 하나.,EE,F
7,77,거의 모든 것을 가져갈 수 있는 곳,EE,F
7,78,당신이...,RR,M
7,79,그래요.,KK,F
7,80,그것은 멋지네요.,EI,M
7,81,아니요.,KE,M
7,82,"그게 내 전공이야, 정신.",EE,M
7,83,아참,KK,F
7,84,정말?,QK,F
7,85,네가 그럴 수 있는지 몰랐어.,DD,M
7,86,내가 그걸 할 수 있을 것 같지 않아.,DD,M
7,87,너도 할 수 있을 것 같지 않아.,DE,F
7,89,하지만 너는 그것에 대한 공로를 인정받으니까,RE,M
7,90,그래요.,KK,F
7,91,멋있네요,ED,M
7,92,오 아니야,KK,M
7,94,나는 친구에게 물어보고 있었다.,DE,M
7,95,이 실험에서 무슨 일이 일어났는지 처럼.,DE,M
7,96,너도 알다시피,RD,M
7,97,그는 나에게 말하지 않을 것이다.,EE,M
7,98,아니아니,KE,M
7,99,나는 점점 기대되고 있었다.,DD,M
7,100,1315년 입니까?,QQ,F
7,101,나는 1315년이다.,DE,M
7,102,너는?,QQ,F
7,103,난 1학년일 뿐이야.,DE,M
7,105,음.,KK,F
7,106,오!,KK,M
7,107,벌거벗은 사람들을 어디서 보나?,QQ,M
7,108,나는 그것에 대해 들었다.,DD,M
7,110,이건 두 시간짜리니까,EE,M
7,111,그들은 너를 이 작은 방에 혼자 있게 했다.,EE,F
7,112,그리고 당신에게 스캔-트론 시트를 주십시요.,EE,F
7,113,그리고 당신에게 평가하라고 말하라.,EE,F
7,114,1에서 10까지 등급을 매기다.,EE,F
7,115,이성이 보이십니까?,QE,M
7,116,그래요.,KE,F
7,117,아참,KK,M
7,118,"나는 네가 ``동성""을 보지 않기를 바란다i.",DD,M
7,119,그들은 우리 둘 다 함께 하지 않을거야,EE,F
7,120,나는 생각하지 않아,DD,F
7,121,오 아니야.,KK,M
7,122,"아니, 아니, 아니.",KC,M
7,123,자리에 없다,EE,M
7,124,여기 이 작은 방에 있어,EE,F
7,125,너는 거기에 혼자 들어가서,IE,F
7,126,그리고 그녀는,EE,F
7,127,"오, 그래.",KK,M
7,128,벽에서 두들겨 패는 거야,IE,F
7,129,다음 사진,EE,F
7,130,너는 벽을 두드렸다.,RR,M
7,131,그래요.,KE,F
7,132,저는 그러지 않았죠.,DE,F
7,133,"그리고 그녀는 ``네가 다른 사람을 원할 때 이것을 해라, 필요할 때"" 라고 말한다.",EE,F
7,134,또 다른 그림',EE,F
7,135,음.,KK,M
7,138,"너는 그들의 점수를 매겨 그들이 a, b, c, d, e를 가지고 있는 것처럼",EE,M
7,139,무엇으로부터?,QQ,F
7,140,그래요.,IC,F
7,141,1부터 5까지,EE,M
7,142,a는 1이고.,EE,F
7,143,e는,EE,F
7,144,5야.,EE,M
7,145,5구나.,RR,F
7,146,그것은 꽤 깔끔했다.,ED,F
7,147,나머지는 지루했다.,ED,F
7,148,그래요.,KK,M
7,149,- 내가 하나를 가져갔어,DE,M
7,150,그리고 넌 그냥,IE,M
7,151,그들은 방금 이 모든 단어들을 너에게 보여줬어,EE,M
7,152,너도 알다시피,RE,M
7,153,그들은 이 모든 단어들을 번득였다.,EE,M
7,154,그들은 두 글자를 섞었다.,EE,M
7,155,넌 그냥 그걸 적어놨어,RE,M
7,156,당신은 뒤섞인 두 개의 작은 글자를 바꾸었고,IE,M
7,157,넌 거꾸로 세어야 했어,RE,M
7,158,너도 알다시피,RE,M
7,159,약 1090부터,EE,M
7,160,3을 계속 빼.,IE,M
7,161,내가 한 짓이야...,DE,F
7,162,그리고 네가 얼마나 많은 단어를 기억하는지 너는 봐야만 했어,IE,M
7,163,"오, 맙소사.",KK,F
7,164,그리고 나는 이 숫자에 너무 집중하고 있었다.,DD,M
7,165,너는 알잖아,RD,M
7,166,그것은 아무 의미도 없었다.,ED,M
7,167,난 네가 고른 컴퓨터로 이걸 했어,EE,F
7,168,속하지 않는 단어,EE,F
7,169,음음,KK,M
7,170,"그것은 사과, 포도, 오렌지, 완두콩, 상추와 같았다.",EE,F
7,171,"내 말은, 상추.",DD,M
7,173,제 말은.,DD,F
7,174,나는 한 시간을 보냈다.,DE,F
7,175,그게 네가 한 전부야?,QQ,M
7,176,그래요.,KE,F
7,177,나는 노력하는 중이야.,DD,M
7,178,그가 뭐라고 했니?,QQ,M
7,179,음.,KK,M
7,180,목적?,QQ,M
7,181,연상과 관련 있는 것,EE,F
7,182,단어 연상 같은 것,EE,F
7,183,나는 두 살짜리 아이가 이것을 할 수 있다고 생각했다.,DD,F
7,184,나도 몰라.,DD,M
7,185,나는 그것을 가져가고 싶다.,DD,M
7,186,아니요.,DE,M
7,187,이 일이 있은 후 나는 4시간이 있다.,DE,M
7,188,그래서 나는 그 벌거벗은 실험을 하지 않을 것이라고 생각한다.,DD,M
7,189,재밌었겠다.,ED,M
7,190,어?,QQ,M
7,191,뭐라고 불렸는지 기억이 안 나는데,DD,F
7,192,나는 그것이 불렸다고 생각한다.,DD,F
7,193,나는 기억 못해,UD,F
7,194,나체?,QQ,M
7,195,아니요.,KE,F
7,196,아무 상관도 없었지,ED,F
7,197,살인의,QR,M
7,198,넌 네가 무슨 일을 하려는지 몰랐어,IE,F
7,199,아참,KK,M
7,200,정말로.,KK,M
7,201,너가 할 수 있을 때까지,RE,F
7,202,그래요.,KD,F
7,203,너는 심지어 말할 수 없었다,IE,F
7,204,나는 Cha가 기겁했을 것이라고 확신한다.,DD,M
7,205,어?,QQ,M
7,206,음 hm,KD,F
7,207,나는 계속 하고 있었다.,DD,F
7,208,이봐.,KK,M
7,209,얼굴 보여줬어?,QQ,M
7,210,모든 것 다.,EE,F
7,211,"오, 모든 것",KK,M
7,212,와,KK,M
7,213,제한이나 조정이 없다.,EE,F
7,214,우와.,UD,M
7,215,재미있어 보였다.,ED,M
7,216,어?,QQ,M
7,218,당신이 들어갈 것이다.,II,M
7,219,제 말은.,DD,M
7,220,너무 지루할거야.,ED,M
7,221,"너는 맹목적으로 들어가면 돼, 그래",II,F
7,223,그것은 나의 마지막 실험이기도 했다.,EE,F
7,224,나는 3개를 했었다.,DE,F
7,226,나의 마지막이었다.,EE,F
7,227,이봐.,KK,M
7,228,나는 그런 남자친구가 있었다.,DE,M
7,229,난 그렇게 생각 안 해.,DD,F
7,231,음.,KK,M
7,232,잘생긴 남자가 있었나?,QQ,M
7,234,음.,KK,F
7,235,그래요.,KK,F
7,236,그들은 톰 셀렉과 버트 레이놀즈를 가졌다.,EE,F
7,237,물론 나는 버트 레이놀즈가 개라고 생각한다.,DD,F
7,238,그렇지만,KK,F
7,239,나는 들었어,DD,F
7,240,음.,KK,F
7,241,그 금발 소녀가 위험의 늪에서 놀았지,EE,F
7,242,그녀.,EE,F
7,243,캐서린 바흐,EE,M
7,244,혹은 뭐든지.,EE,M
7,245,그래요.,KE,F
7,246,그들은 그녀를 가졌다.,KE,F
7,247,"그들은 헤더 클리어, 그리고",EE,F
7,248,아참,KK,M
7,249,그건...,KK,M
7,250,나는 그들이 누드 포즈를 취한 것을 결코 알지 못했다.,DD,M
7,251,그래요.,KK,F
7,252,음.,KK,F
7,253,비키니를 입은 사람도 있고,EE,F
7,254,아참,KK,M
7,255,수영복을 입은 남자들처럼,EE,F
7,258,톰 셀렉처럼,KK,M
7,259,톰 셀렉은 청바지를 입고 있었다.,EE,F
7,260,아참,KK,M
7,261,정말로.,KK,M
7,262,그래서.,KK,F
7,263,아참,KK,M
8,0,내 카드 어딨어?,QQ,F
8,1,나는 그것이 필요하다.,QQ,F
8,2,나는 우리 선생님의 이름도 기억하지 못해!,DD,F
8,3,저런!,KK,M
8,4,응.,KK,F
8,5,"오, 신이시여.",KK,M
8,6,나는 카드를 가져오는 것을 잊었다.,KK,M
8,7,너가 그랬어?,QQ,F
8,8,야,KE,M
8,9,나는 잊어 버렸어.,DD,M
8,10,음 어쨌든,KK,M
8,11,이제 나는 받아야 한다.,DE,M
8,12,나는 지난번에 왔다.,DE,M
8,13,너도 알다시피,RE,M
8,14,그리고 그녀는 기계를 작동시키지 않았다.,EE,M
8,15,그래서 그녀는 나에게 단지 1시간만 신용을 주었다.,EE,M
8,16,아참,KK,F
8,17,그녀가 그랬니?,QQ,F
8,18,응.,KE,M
8,19,아참,KK,F
8,21,이것들은 도서관에 가는것보다 훨씬 더 좋다.,ED,M
8,23,응.,KK,F
8,24,그렇고 말고.,ED,F
8,25,그것은 많은 인내심을 필요로 한다.,EE,M
8,26,강의에 따라 다르다,ED,F
8,27,응,KK,M
8,28,특히 두 시간 동안.,ED,F
8,29,음,KK,M
8,30,어쩌면 그렇게 오래 가지는 않을지도 몰라.,ED,F
8,31,그러지 않았으면 좋겠어요.,DD,F
8,32,알았어.,KK,M
8,33,그녀가 뭘 할지 알아?,QQ,F
8,36,우리에게... 그녀가 우리에게 보여준 것에 대한 우리의 의견?,UQ,M
8,37,응.,KK,F
8,38,내가 추측하기에.,DD,F
8,39,그거 좋군요.,EI,M
8,40,별일 아니야.,ED,M
8,41,그래서 너 이거 세 시간 공제한거야?,QQ,F
8,42,음,KE,M
8,43,아직 2시간 남았어?,QQ,F
8,44,생각합니다,DD,M
8,45,나도 몰라.,DD,M
8,46,다음번엔 드디어 한 마리 토끼를 잡게 될 것 같아.,DD,M
8,47,나는 떠난다.,DE,M
8,48,나도 몰라.,DD,M
8,49,나는 아직 다음 시간까지 기다려야 한다.,DE,M
8,50,으악!,KK,F
8,51,너희 반에는 사람들이 많니?,QQ,M
8,52,이미 실험을 했니?,QQ,M
8,53,음,KE,F
8,54,아참,KK,M
8,55,"어, 이 실험이 아니라",EE,F
8,56,실험은 해봤지만,DE,F
8,57,나는 아무것도 하지 않았다.,DE,F
8,58,야,KK,M
8,59,나도 몰라.,DD,M
8,60,왜 이렇게 많은 실험들이 음성학적인가?,QQ,M
8,61,영어만 사용 가능,EE,M
8,63,"내가 본 나머지는 빨강, 초록, 파랑이야.",DD,M
8,64,너도 알다시피,RD,M
8,65,그리고 파란색 타입을 선택하면 나머지 두개를 가져갈 수 없다.,IE,M
8,66,오 안돼.,KK,F
8,67,나머지 둘은 할 수 없다.,EE,M
8,68,오 안돼.,KK,F
8,69,그리고 영어가 모국어가 없는 유일한 사람은,EE,M
8,70,그것에 관한 연설자들,EE,M
8,72,알았어.,KK,F
8,73,"음, 대부분 내가 하는 시간들이야",KK,F
8,74,나는 그것을 할 수 없다,DD,F
8,75,알았어.,KK,M
8,76,나는 못해.,DD,M
8,77,그들은 대부분 화요일과 목요일에 있어.,EE,F
8,78,내가 12시에 가고 싶은 것,ED,F
8,79,알았어.,KK,M
8,80,그리고 나는 12시에 마지막 수업을 끝마친다.,DE,F
8,81,아참,KK,M
8,82,나는 할 수 없었다.,DD,F
8,83,에어로빅 수업이야,EE,F
8,86,난 그냥 여기 떨어질 수 없어,DD,F
8,88,온통 더러운,DE,F
8,89,야,KK,M
8,90,정말로.,RQ,M
8,91,그래서 운동을 많이 하십니까?,QQ,M
8,92,응.,KE,F
8,93,나는 요전에 그것을 만들려고 노력했다.,DD,M
8,94,하지만 나는 요새에 산다.,DE,M
8,95,아참,KK,F
8,96,그러니?,QQ,F
8,97,그래서 나는 일주일에 두번만 여기에 온다.,DE,M
8,98,아참,KK,F
8,99,화요일과 목요일,DE,F
8,100,내일 나도 시험이 있어.,DE,M
8,102,아참,KK,F
8,103,나는 아직 그것을 위해 공부하지 않았다.,DE,M
8,104,너는 없어?,QQ,F
8,105,응.,KE,M
8,106,"나, 나 벌써",DE,M
8,107,나는 저번에 감독에 등록했다.,DE,M
8,108,나는 그에게 전화를 한다.,DE,M
8,109,너도 알다시피,RE,M
8,110,난 성공하지 못할거야 왜냐하면,DE,M
8,111,나는 내 차에 문제가 좀 있다.,DD,M
8,112,오늘 나는 그에게 전화해서 취소하고 싶었지만,DD,M
8,113,나는 이미 그것을 한 번 했다.,DE,M
8,114,응,KK,F
8,117,나도 내일 역사 시험이 있어.,DE,F
8,118,아참,KK,M
8,119,정말로.,KK,M
8,120,역사는 쉽다,ED,M
8,121,아니니?,QQ,M
8,123,읽을 게 많아.,ER,F
8,127,나는 결국 퀴즈에서 70점을 냈다.,DE,F
8,128,아참,KK,M
8,129,하지만 나는 책을 읽었다.,DE,F
8,130,나는 이번에 모든 책을 읽었다.,DD,F
8,131,야,KK,M
8,132,그래서 나는 괜찮을 거야.,DD,F
8,134,너의 선생님은 너에게 에세이를 하게 하시니?,QQ,M
8,135,우리는 논술 시험이 있다.,DE,F
8,136,"예를 들면, 두 사람",DE,F
8,137,음,KK,M
8,138,우리는 가져가야 한다.,DE,F
8,139,음,KK,M
8,140,"그가, 얼마나 오래 있어야 하는지 명시했니?",QQ,M
8,141,어떻게 페이지를 써야 하는가 아니면 그냥 써야 하는가?,QQ,M
8,143,무엇을 했는가,QQ,M
8,144,제 말은.,DD,M
8,145,너의 에세이는,EQ,M
8,146,음.,KK,F
8,147,뭐라고 하셨죠?,QQ,F
8,148,아니요.,KE,F
8,150,음.,KK,F
8,151,그들은 아마 단지 하나의 단락일 것이다.,EE,F
8,152,음,KK,M
8,153,한 단락,EE,M
8,154,전체 내용은 아니고.,EE,M
8,155,아니요.,KE,F
8,156,아마 한 단락일 것이다.,EE,F
8,157,문제마다,ED,F
8,158,아마 다섯 가지 질문을 하게 될 겁니다,EE,F
8,159,좀 서둘러서 이 일을 시작하고 싶어.,DD,F
8,162,나는 내가 공부할 시험이 있다는 것을 안다.,DE,M
8,163,그리고 나의,DU,M
8,164,지금 몇 시예요?,QQ,F
8,165,11시 6분이다.,EE,M
8,166,아참,KK,F
8,167,동쪽에서는 약 5분이 지났다.,EE,M
8,168,11시 2분.,EE,M
8,169,이제 11시 7분이다.,EE,M
8,170,알았어.,KK,F
8,171,나는 공부할 일이 많다.,DE,M
8,172,나는 프로그램 디자인을 가지고 있다.,DE,M
8,174,나도 그래,DE,F
8,177,나는 그녀가 이것을 내일 전에 끝내기를 바래,DD,M
8,178,나도 그러길 바래.,DD,F
8,179,여기 사람이 너무 많아서,EE,M
8,180,생각합니다,DD,M
8,181,그들은 가지고 있니?,QQ,F
8,182,마지막에는,EE,M
8,186,아참,KK,F
8,187,알고있어요,DD,F
8,188,나는 그것을 끝내고 싶다.,DD,M
8,189,나는 두 개가 남을거야.,DD,F
8,190,알았어.,KK,M
8,191,나는 오늘 다른것을 신청했다. 그러나,DD,F
8,192,내가 먼저 가서 하나 가져갈까 생각했어.,DD,F
8,193,그리고 그것을 끝내다,DD,F
8,194,음,KK,M
8,195,또 다른 것을 신청하다.,DD,F
8,196,"음, 그들은 다른 실험 시간을 가지고 있어.",KK,M
8,198,그들은 다른 시간을 가지고 있지 않은가?,QQ,M
8,199,나도 몰라.,DD,F
8,200,나는 오직 빨간 녹색과 파란색을 본적이 있다.,DD,F
8,201,대본에 나오는 것들,ED,F
8,202,음,KK,M
8,203,그게 내가 본 전부야,ED,F
8,204,야,KK,M
8,205,그래서 나는 모른다.,DD,F
8,206,그녀는 길을 잃었나?,QQ,F
8,207,아참,KK,M
8,208,그녀가 돌아올 것 같아.,DD,M
8,209,그래서 저번주에 이걸 하기로 했니?,QQ,F
8,210,응.,KE,M
8,211,나는 빨간 것을 하기로 되어 있었다.,DE,M
8,212,하지만 내가 그들에게 전화했을 때 그들은 내 이름을 명단에서 삭제했다.,EE,M
8,213,응.,KK,F
8,214,그래서 나는 다시 전화를 걸었다.,DE,M
9,0,당신은 입문심리학 입니까?,QQ,M
9,1,이런.,KE,F
9,2,좋아.,KK,M
9,3,너는 어디 출신이니?,QQ,M
9,4,베트남의,DE,F
9,5,베트남.,RR,M
9,6,나는 니게리아 출신이다.,DE,M
9,7,영어를 할 줄 아세요?,QQ,F
9,8,mn-hm,KE,M
9,9,얼마나 오래 이 나라에 있었니?,QQ,M
9,10,5년?,QQ,M
9,11,13년.,DE,F
9,12,13년?,QQ,M
9,13,"십이년, 십삼 년",EE,F
9,14,13년?,QQ,M
9,15,응.,KE,F
9,16,응,KD,F
9,17,약 13년,EE,F
9,19,우와.,UD,M
9,20,이 나라에서 단 5년.,DE,M
9,21,그래서 그들은 베트남에서 무엇을 말하는가?,QQ,M
9,22,영어?,QQ,M
9,23,아니요.,KE,F
9,24,우리는 항상 베트남어를 한다... 베트남의,DE,F
9,25,좋아.,KK,F
9,26,너는 그것을 뭐라고 부릅니까,QQ,M
9,27,베트남어?,QQ,M
9,29,나는 베트남인이다.,DE,F
9,30,좋아.,KK,F
9,31,당신은 vietname 언어라고 부른다.,RE,F
9,32,좋아.,KK,F
9,33,...베트남,EK,M
9,34,좋아.,KK,M
9,35,그 나라는 베트남이다.,EE,M
9,36,이런.,KK,F
9,37,넌 베트남인이야.,RR,M
9,38,이런.,KK,F
9,39,지금 그 언어는 무엇이라고 불리는가?,QQ,M
9,40,베트남의,EE,F
9,41,베트남의,RR,M
9,42,이런.,KE,F
9,43,그것이 내가 지금 부르는 것이다.,EE,F
9,44,베트남의,EE,F
9,45,너도 알다시피,RD,F
9,46,언어,EE,F
9,47,그리고 음...,KE,F
9,48,그래요.,KK,F
9,49,우리는 말한다,CE,F
9,50,"있잖아, 그냥",RE,F
9,51,다른 것에 비하면 전혀 다른,EE,F
9,52,나라들.,EE,F
9,53,중국어를 좋아하다,EE,F
9,54,그래서 네가 말하는 공용어가 뭔지 알아?,QQ,M
9,55,베트남의,EQ,M
9,56,베트남의,EE,F
9,57,그리고 우리는 학교에서 영어를 공부한다.,CE,F
9,58,프랑스의,EE,F
9,59,너도 알다시피,RE,F
9,60,흔히 있는 일이다,EE,F
9,61,옛날에는 프랑스 사람들이 많이 있었다.,EE,F
9,62,너는 그곳에 있는 동안 영어를 했니?,QQ,M
9,63,아니면 너는 이 나라에서 영어를 말하기 시작했니?,QQ,M
9,64,음.,KE,F
9,65,"분명히, 내가 왔을 때",DE,F
9,66,나는 몰라.,DD,F
9,67,그래요.,KE,F
9,68,"그냥 말하자면,",DD,F
9,69,너희 엄마 아빠처럼.,UE,F
9,70,그게 내가 알고 있는 거야.,EE,F
9,71,내가 왔을 때... 13년 전에,DE,F
9,72,그리고 나는 학교에 간다.,DE,F
9,73,그러니 기다려라,AA,M
9,74,너는 여기서 학교를 간다.,IR,M
9,75,너는 학교에서 영어를 배우니?,QQ,M
9,76,mm-hm,KE,F
9,77,응.,KE,F
9,78,여기서 고등학교를 다녔다고?,IQ,M
9,79,네,KE,F
9,80,나는 니게리아에 있는 고등학교를 다녔다.,DE,M
9,81,나는 그곳에서 고등학교를 졸업했다.,DE,M
9,82,그리고 나는 영국으로 갔다.,DE,M
9,83,후배?,QQ,F
9,84,나는 아프리카에서 고등학교를 다녔다.,DE,M
9,85,고등학교 때,DE,M
9,86,그리고 나는 영국에 있는 전문대학을 다녔다.,DE,M
9,87,이런.,KK,F
9,88,주니어 칼리지가 끝나면 여기로 온다.,DE,M
9,89,난 5년 동안 이 나라에 있었어,DE,M
9,90,5년?,KQ,F
9,91,나는 북쪽에 산다.,DE,F
9,92,"너도 알다시피, 이사오기 전에 북쪽.",RE,F
9,95,어느 주?,QQ,M
9,96,어.,KE,F
9,97,네브라스카,EE,F
9,98,네브라스카,RR,M
9,99,음,KK,F
9,102,"어디 보자, 내가...",DE,F
9,103,3명의 형제와 4명의 자매,EE,F
9,104,그들은 지금 어디에 있는가?,QQ,M
9,105,어디?,QQ,F
9,106,뉴올리언스에?,EE,F
9,107,뉴올리언스?,EQ,M
9,108,그래요.,KE,F
9,109,내가 생각하기에,DD,F
9,110,이것은 이전이다,EE,F
9,111,너도 알다시피,RE,F
9,112,펜실베니아에 들러서,DE,F
9,113,우리는 그곳에 몇 년 동안 들렀다.,DE,F
9,115,그리고 우리는 네브래스카로 간다.,CE,F
9,116,네브라스카에서 우리는 뉴올리언스로 간다.,CE,F
9,117,나는 뉴올리언스에서 몇 년 전에 여기로 이사왔어.,DE,F
9,118,....아니면?,QQ,M
9,119,그러니까 당신 말은,II,F
9,120,"펜실베니아에서 네브래스카, 뉴올리언스까지 여기저기 옮겨다니고",DE,M
9,121,좋아.,KK,F
9,122,보다,AA,F
9,123,우리는 베트남에서 왔다.,EE,F
9,124,아시겠어요?,RQ,F
9,126,그리고 우리는...,CE,F
9,127,우리는 펜실베니아에 머물러야 했다.,CE,F
9,129,그것이 캠프다.,EE,F
9,130,당신은 스폰서가 있을 때까지 그곳에 있어야 한다.,RE,F
9,131,너도 알다시피,RE,F
9,132,우리는 펜실베니아에 산다.,DE,F
9,133,그리고 나는 스폰서가 있다.,DE,F
9,134,너도 알다시피,RD,F
9,135,네브래스카로부터,EE,F
9,136,펜실베니아에서 ...을 후원하는 사람.,EE,F
9,137,우리는 그들과 함께 네브라스카에 간다.,CE,F
9,141,그들은 스폰서를 어떻게 말해?,QQ,F
9,142,그래요.,KE,M
9,143,너도 알다시피,RE,F
9,144,당신을 인도하는 사람,EE,F
9,145,그리고 넌 그냥,RE,F
9,146,너도 알다시피,RE,F
9,147,여기서 일어나는 일,EE,F
9,148,나라,RR,M
9,149,미국.,EE,F
9,150,그래요.,KK,F
9,151,스폰서는 지금 어디 있어?,QQ,M
9,152,네브라스카,EE,F
9,153,너는 여전히?,QQ,M
9,154,"그래, 우린 여전히 대화하고 있어.",KE,F
9,155,그들에게 전화할까?,QQ,M
9,156,그래요.,KE,F
9,157,그녀는.,ED,F
9,158,그들은 매우 좋다.,ED,F
9,159,매우 친절한 사람들,ED,F
9,160,부잣집?,QQ,M
9,161,실례합니다.,AQ,F
9,162,"그들은 부유한 가족이니, 너의 후원자니?",QQ,M
9,163,음.,KE,F
9,164,일종의,EE,F
9,165,너도 알다시피,RE,F
9,166,중산층,EE,F
9,167,음.,KK,F
9,169,중산층.,EE,M
9,170,그들은 돈을 가지고 있다.,EE,F
9,171,그래요.,KK,F
9,172,중산층.,EE,F
9,174,그들은 신문을 가지고 있다.,EE,F
9,176,그는 네브라스카에서 신문의 발행인이다.,EE,F
9,178,그녀는,EE,F
9,179,너도 알다시피,RE,F
9,180,그는 발행자라고 불려.,EE,F
9,181,그래서,RE,F
9,182,너도 알다시피,RE,F
9,183,남편과 아내는 둘 다 사무실에서 신문사에서 일한다.,EE,F
9,184,사무실.,EE,F
9,185,그리고 그는 전체의 대통령이다.,EE,F
9,186,"네브라스카, 네",UU,F
9,188,신문 출판인이야.,EE,F
9,191,너 알고 있어?,RQ,F
9,193,그들이 뭐라고 부르든,EE,F
9,194,음.,KK,F
9,195,그래서 그녀는 우리를 방문하기 위해 많이 내려왔다.,EE,F
9,196,너도 알다시피,RE,F
9,197,일년에 두어 번처럼,EE,F
9,198,너도 알다시피,RE,F
9,199,일년에 세 번,EE,F
9,200,그래서 너는 지금 어디에 사니?,QQ,M
9,201,살고 있는 너,QQ,M
9,202,알링턴,QQ,M
9,203,또는 어디에서,QQ,M
9,204,응 맞아.,KE,F
9,205,알링턴,KE,F
9,207,아니요.,KE,F
9,208,학교 밖.,EE,F
9,209,학교까지 매번 운전해?,QQ,M
9,210,응,KE,F
9,211,여기서 약 5분.,DE,F
9,212,그거 잘됐다.,EI,M
9,213,나는 리차드에 산다.,DE,M
9,214,어 리차드슨,EE,M
9,215,리차드슨,RR,F
9,216,좀 멀다,EE,F
9,217,그렇네.,KC,M
9,218,내가 여기 내려왔을 때 그냥 지나쳤어.,DE,F
9,219,너도 알다시피,RE,F
9,220,뉴올리언스에서,DE,F
9,221,뉴올리언스,RR,M
9,222,그래요.,KK,F
9,223,나는 두어 번 지나간다.,DE,F
9,224,이 일이 있은 후,UU,M
9,225,나는 매일 학교에 온다.,DE,M
9,226,하지만 이번 학기가 끝나면 일주일에 3번 정도 올 거야.,DE,M
9,227,나는 알링턴으로 내려가려고 한다.,DE,M
9,228,그렇구나.,KK,F
9,229,단지 기름값을 아끼려구.,DD,M
9,230,그렇구나.,KK,F
9,231,단지 매번 운전하는 걸 좋아하지 않아.,RD,M
9,232,너는 너의 가족을 떠날 것인가?,QQ,F
9,233,아니!,KC,M
9,234,하지만 난 내 직업을 바꾸려는 것뿐이야,DD,M
9,235,그래서 나는 내 직업을 바꿀 수 있다.,DD,M
9,236,그리고 나서 나는 이사가려고.,DD,M
9,237,나는 리차드슨에 있는 중학교에 다니는 남동생이 있다.,DE,M
9,238,아.,KK,F
9,239,그는 1월에 시골에 왔다.,EE,M
9,240,그래서 나는 그가 주니어 대학에서 충분한 시간을 갖기를 원한다.,DD,M
9,241,그런다음 그는 여기서 갈아탈 수 있을 거야,EE,M
9,242,그래요.,KK,F
10,0,첫번째 실험도?,QQ,M
10,1,네.,KE,F
10,2,나 몰랐어.,DD,M
10,3,나는 그들이 무엇을 하는지 몰랐다.,DD,F
10,4,나도 몰랐어.,DD,M
10,5,두 시간,UE,F
10,6,두 시간,RR,M
10,7,알았어.,KE,M
10,9,나는 아마도 그들이 쇼파를 가지고 있다는 것을 알고 있는 채 잠이 들거야,DD,M
10,10,너는 어느 심리학과에 있니?,QQ,F
10,11,어?,KQ,M
10,12,어떤 심리학 섹션,QQ,F
10,13,너는 어느 강의에 들었니?,QQ,F
10,14,아참,KK,M
10,15,13,KK,M
10,20,나의 유일한 야간 코스다.,EE,M
10,21,나는 집으로 운전해야 한다.,DE,M
10,22,그럼 난 차를 타고 다시 돌아가야 해.,DE,M
10,23,한 시간 반 수업이야.,EE,M
10,24,화요일과 목요일이다.,EE,M
10,25,너도 다음주에 시험이 있니?,QQ,F
10,26,음.,KK,M
10,27,우리는 매주 목요일에 시험을 본다.,EE,M
10,28,음.,KK,F
10,29,몰랐어요.,DD,F
10,30,하지만 그들은 키가 작다.,ED,M
10,31,는 것뿐이다,ED,M
10,32,나는 생각해.,DD,M
10,33,우리가 지금까지 가지고 있던 가장 긴 것은 10이다.,EE,M
10,34,10문제?,QQ,F
10,35,음,KE,M
10,36,그래서 너무 짧아.,ED,M
10,37,그들은 쉽다.,EE,M
10,38,우리 반에는,EE,F
10,39,너도 알다시피,RE,F
10,40,4개의 시험입니다. 4개 또는 3개 있습니다.,EE,F
10,42,정말?,QQ,M
10,43,왜냐하면,EE,M
10,44,"봐, 내 것으로.",RE,M
10,45,우리는 신문을 쓸 필요도 없고 기말고사도 없어요.,EE,M
10,47,우리가 하는 일은 이 작은 것뿐이다.,DE,M
10,48,퀴즈,II,F
10,49,매주 목요일,EE,M
10,51,야,KK,M
10,52,나도 좋아해,KC,M
10,53,서너 장을 합쳐서,EE,F
10,54,야,KK,M
10,55,알고있어요,DD,M
10,56,2장을 읽어 보셨나요?,QQ,F
10,57,뉴런으로!,EE,M
10,58,네!,KE,F
10,59,제 말은.,DD,F
10,60,너무 길다,ED,F
10,61,기억해야 할 것들이 너무 많다.,EE,F
10,62,나는 알아.,DC,M
10,63,어떻게 그럴 수 있어?,QU,F
10,64,그것은 어려운 시험이었다.,ED,M
10,65,"오, 정말이요?",KK,F
10,66,야,KD,M
10,67,그것은 어려운 것이었다.,KD,M
10,68,두 개를 놓친 것 같아.,DD,M
10,70,네.,KK,M
10,71,우리 아빠는 의사야,EE,M
10,72,우리 엄마는 간호사야,EE,M
10,73,그들은 앉아서 나에게 이 모든 것을 설명하려고 한다.,EE,M
10,74,이해할 수 없다!,DD,M
10,75,그것은 긴 장이었다.,EE,M
10,76,나는 이것들 중 세 가지를 더 해야 한다는 것을 믿지 않는다!,DD,M
10,77,아니요.,KE,F
10,78,두 개 더,EE,F
10,79,이것은 두시간이다,EE,F
10,80,그런가요?,QQ,M
10,81,2학점,EE,F
10,82,아참,KK,M
10,83,좋네.,KK,M
10,84,난 그걸 읽지 않았어!,DD,M
10,85,"아 고마워라!, 기쁘도다!",UD,M
10,86,나는 이것들 중 세 개 더 앉아도 될지 모르겠다.,DD,M
10,87,그래서 전공이 뭐야?,QQ,M
10,88,치과의사 전?,EE,F
10,89,그런가요?,QQ,M
10,90,네 것들은 어때?,QQ,F
10,91,간호학,EE,M
10,92,나는 내가 치과의사가 될 수 있을지 모르겠다.,DD,M
10,93,오오흐,KI,M
10,94,드릴 소리가 나를 미치게 한다.,ED,M
10,96,그렇게 나쁘지 않아.,ED,F
10,97,입을 너무 오래 벌리다,UE,M
10,98,네 턱에 쥐가 났어,IE,M
10,99,알았어.,KK,F
10,100,너는 거기에 앉아서 계속한다.,RD,M
10,101,그 드릴 소리를 듣고 짜증나는 것은 아무것도 없다.,ED,M
10,102,다른 것은 전혀 나에게 영향을 주지 않는다.,ED,M
10,105,알았어.,KK,M
10,106,나는 알아.,DD,M
10,107,내가 치과에 갈 때 나는 헤드폰을 가지고 간다.,DE,M
10,108,나는 헤드폰을 끼고 앉아있기 때문에 들을 필요가 없다.,DE,M
10,109,그 드릴까지,DE,M
10,110,그것은 나를 미치게 해!,ED,M
10,111,우리 엄마가 그러는데 드릴에 대한 공포증이래,EE,M
10,113,우리 엄마가 그러셔.,RE,F
10,114,너도 알다시피,RE,F
10,115,"당신이 하는 것처럼, 시추작업을 할 필요는 없다.",RE,F
10,116,괜찮아요.,EE,F
10,117,아참,KK,M
10,118,알고있어요,KK,M
10,119,내가 그걸 감당할 수 있을지 모르겠어,DD,M
10,121,겁나는,ED,M
10,122,목구멍이 아파,ED,M
10,123,간호에 익숙해져야 해,DD,M
10,124,너도 알다시피,RA,M
10,125,내가 생각하는 것은 무엇이든지,DD,F
10,126,음,KK,M
10,127,처음 몇 번은 겁먹었을 거야,DD,F
10,128,내가 이빨을 부러뜨렸으니 긴장되겠지,DD,M
10,129,드릴을 삼키게 만들거나,DE,M
10,130,"왜냐하면, 내 여동생처럼 그녀는 치과의사니까.",EE,F
10,131,좋아.,KK,F
10,132,그녀인가,QQ,M
10,133,응.,KE,F
10,134,치과의사가 된 이유는 치과의사가 두려워서야,KE,F
10,135,죽은 사람들 보기,KE,F
10,136,그리고 그녀는 생각했다.,EE,F
10,137,너도 알다시피,RE,F
10,138,치과의사 학교에서의 공부,RE,F
10,139,너는 해야해.,RE,F
10,140,너도 알다시피,RE,F
10,141,마치 음.,RE,F
10,142,죽은 사람을 해부하듯.,EE,F
10,143,오.,KK,M
10,144,그리고 그녀는 치과에 간다.,EE,F
10,145,그리고 너가 수강하는 첫번째 수업은 해부학이다.,EE,F
10,146,그리고 너는 죽은 사람을 잘라내야 해,EE,F
10,147,알았어.,KK,M
10,148,"그리고 그녀는 ""오 마이 갓""이라고 말했다.",EE,F
10,149,하지만 그녀는 말했다,RE,F
10,150,너도 알다시피,RE,F
10,151,처음에 그녀는 그것을 정말로 두려워했다.,EE,F
10,152,하지만 그녀는 네가 익숙해졌다고 말한다.,EE,F
10,153,내 말은 너의 점수는 그것에 달려있다.,AE,F
10,154,합격하든 말든,EE,F
10,155,야,KK,M
10,156,그것에 따라서,AE,F
10,157,너는 그걸 할거야,ID,F
10,158,그래서,KK,F
10,159,간호학교를 나오자마자 의대에 진학할 겁니다.,DE,M
10,160,정말?,QQ,F
10,161,응,KD,M
10,162,우리 아빠가 갔던 것과 같은 것,EE,M
10,163,너는 왜 간호학교를 다녀야 하니?,QQ,F
10,164,아참,KK,M
10,165,음,KK,F
10,166,나는 이곳에서 의료 예과 과정을 오려고 했어.,DD,M
10,167,그리고 나서 나는 의학에 종사하고 있었다. 학교,DE,M
10,168,음,KK,F
10,169,야,KK,F
10,170,하지만 그때 나는 생각했다.,DD,M
10,171,좋아.,KK,M
10,172,간호와 의술 여기도 마찬가지야,DD,M
10,173,거의 같은 것,DD,M
10,174,2시간이나 더 있어야 하는데,ED,M
10,175,그래서 나는 단지 그 두 시간을 더 가져야만 한다.,DD,M
10,176,의대에 진학하는 동안 간호사로 일할 수 있어,DE,M
10,177,그래서 나는 의지할 것이 있다.,DE,M
10,178,아참,KK,F
10,179,마치 당신이 1년 말에 성공하지 못한 것처럼.,KK,F
10,180,응,KE,M
10,181,좋네.,EI,F
10,182,나는 생물학 전공이 맞는 것 같아.,DD,F
10,183,나는 몰라.,DD,F
10,184,만약 그들이 나를 치과대학에 데려가지 않는다면?,QQ,F
10,185,제 말은.,DD,F
10,186,하나님 제발 안 그렇기를!,DD,F
10,187,만약 내가 이해하지 못한다면,DD,F
10,188,너도 알다시피,RD,F
10,189,내가 하려는 건.,RQ,F
10,190,내가 바꿀거야.,DD,F
10,191,알았어.,KK,M
10,192,우리 아빠는 미생물학을 제일 먼저 전공하셨다.,EE,M
10,193,그리고 의대에 진학했고,EE,M
10,194,그는 지금 정신과 의사다.,EE,M
10,195,"그는 ""그런 실험에 가는 것이 좋겠다""고 말했다.",EE,M
10,196,나는 집에 가고 싶다.,DD,F
10,197,늦었어요.,ED,F
10,198,나도 그렇다.,DD,M
10,199,오늘 아침 8시부터 여기 있었어,DE,M
10,200,이것 때문에?,QQ,F
10,201,나는 오늘 아침 사회학 수업에 가야만 했다.,DE,M
10,202,8시 15분에 나왔어,EE,M
10,203,왜냐하면 우리가 해야 할 일은 시험을 보는 것이었기 때문이다.,EE,M
10,204,그래서 15분만에 끝냈어,DE,M
10,205,나는 그 이후로 줄곧 여기에 있었다.,DE,M
10,206,왜냐하면 나는 차를 타고 집으로 돌아가서 운전하고 싶지 않았기 때문이다.,DD,M
10,207,어디에 사세요?,QQ,F
10,208,"오, 서쪽 요새에서,",KK,M
10,209,공군기지로,EE,M
10,210,우리 아빠는 공군에서 복무하셨어.,EE,M
10,211,좋아.,KK,F
10,212,나 이해했어.,DD,F
10,213,그래서 우리가 지금 살고 있는 곳이야.,EE,M
10,214,우리는 알링턴에 집을 짓고 있어,DE,M
10,215,좀 멀어보여.,ED,F
10,216,응.,KK,M
10,217,약 25마일 정도 된다.,EE,M
10,218,일단 주간 고속도로를 타면 나쁘지 않지만,EE,M
10,219,막 주간 고속도로에 도착하기 위해.,EE,M
10,220,그게 어려운 부분이야,ED,M
10,221,여기 그녀가 온다!,EE,M
11,0,나는 이것이 2시간이 걸리지 않기를 바란다.,DD,F
11,1,나 역시 그렇지 않다.,KC,M
11,2,그럴것이 확실해.,DD,M
11,3,나는 나의 옐로카드를 잊어버렸다.,DD,F
11,5,아마도 그녀는 그것을 가지고 있을 것이다.,EE,M
11,6,음-음,KK,F
11,7,그녀는 하지 않는다,EE,F
11,9,그래야만..,DE,F
11,11,음.,KK,F
11,12,네.,KK,F
11,13,그녀는 내가 그녀의 사무실을 찾아야 한다고 말했다.,EE,F
11,14,그녀의 근무시간을 알려고,DD,F
11,15,그녀는 의사니?,QQ,M
11,16,대학원생?,QQ,M
11,17,나는 그녀가 뭐하는지 몰라.,DD,F
11,18,나는 우리가 아무것도 하지 않았으면 좋겠다.,DD,F
11,20,알았어.,KC,M
11,21,그리고 그녀는 저 위로 올라가고...,EE,F
11,22,너의 전공은 뭐니?,QQ,M
11,23,미정.,EE,F
11,24,내 생각에 그것은 금융이다.,DD,F
11,34,나는 이번 학기에 천문학을 받았어. 코한.,DE,F
11,35,그는 터프하다,EI,F
11,36,그게 입문 강좌야?,QQ,M
11,37,아니요.,KE,F
11,38,그는 정말 터프하다.,ED,F
11,39,그것밖에 없는 계급은,EE,F
11,40,나는,EE,F
11,41,역사학을 제외하고,DD,F
11,42,그건 정말 지루해,DD,F
11,44,그녀의 이름은 무엇인가?,QQ,F
11,45,그렉이야.,EE,M
11,46,그녀의 이름?,QQ,F
11,47,오.,KK,F
11,48,안녕 그렉,KK,F
11,49,아참,KK,M
11,50,안녕,KK,M
11,51,내이름은 에밀리야,EE,F
11,52,에밀리.,RE,M
11,53,알아?,QQ,F
11,54,을 알 리가 없다,DD,M
11,55,나는 또 다른 것을 신청했다.,DE,M
11,56,나는 그것이 어디에 있는지 보러 내려갔다.,DE,M
11,57,실험에서 누가 될 수 있는가에 대한 요구 조건을 달았지,EE,M
11,58,당신은 그것을 알아차렸나요?,QQ,M
11,59,응,KE,F
11,60,왜냐하면 나는 파란 실험에 있었기 때문이다.,DE,M
11,61,내 말은 빨간색이요.,DE,M
11,62,오,KE,F
11,63,넌 그냥 아무나 싫어하잖아,II,F
11,64,청색,EE,M
11,65,음.,KK,M
11,66,당신은 보지 않았다.,II,F
11,67,그래요.,KE,M
11,68,나는 가지고 있었다,DD,M
11,69,그들은 어제 모두의 이름을 가지고 있었다.,EE,M
11,70,또는 이틀 전에,EE,M
11,71,그래서 어떻게 됐나요?,QQ,F
11,72,나는 전환되었다.,DE,M
11,73,다른 사람이 한 것처럼,EE,M
11,74,여기저기 낙서들이 널려 있었다.,EE,M
11,75,----제가 가입했을 때,EE,F
11,76,2시간 크레딧이기 때문에,EE,F
11,77,난 4개만 있으면 돼.,DE,F
11,78,맞다,EE,M
11,80,다음 주에 한 2시간 더 받을 수 있어. 그리고 나서 걱정하지 않을게.,DE,F
11,81,이제 더 이상 그 일에 관해서 말이야,DD,F
11,82,여긴 정말 좋은 방이야.,ED,F
11,83,오늘은 나의 날이야.,ED,F
11,84,너 방금 개학했어?,QQ,M
11,85,나는 지난 학기에 동부에 있었다.,DE,F
11,87,정말.,QK,F
11,89,응.,KK,M
11,90,데니스 피어슨이란 사람 알아?,QQ,M
11,91,내가 그랬어?,QQ,F
11,92,그래요.,KE,M
11,93,데니스 피어슨,RR,F
11,94,아니요.,KE,F
11,95,아니라는게 확실해,DD,F
11,96,나는 아무도 모른다.,DD,F
11,97,난 그냥 뒤에 앉았어,DE,F
11,98,내 일을 했다.,DE,F
11,99,그게 그가 있었던 방식이야.,EE,M
11,100,여기에 얼마나 있었니?,QQ,F
11,101,올해가 내 2년차야.,EE,M
11,102,마음에 드세요?,QQ,F
11,103,그래요.,KD,M
11,104,괜찮아,ED,M
11,105,어려웠나요?,QQ,F
11,106,어려워 보여,ED,F
11,108,내가 가르쳤던 어려웠던 수업은,ED,M
11,109,이런거야.,ED,M
11,110,얼마나 걸릴까,QQ,F
11,111,오래 걸려.,EE,M
11,112,다음 학기에 19시간을 갖기를 원한다.,EE,M
11,113,난 12학점만 수강하는 중인데,DE,M
11,114,졸업하려면 몇 학점이 필요해?,QQ,F
11,115,140 이상.,EE,M
11,117,나는 금융이야.,DE,F
11,118,나는 120학점이 필요해.,DE,F
11,119,그래요.,KK,M
11,120,전기공학.,EE,F
11,121,그것도 좋은 전공이야.,ED,F
11,122,나는 확신해.,DD,F
11,123,내가 만약 졸업한다면,ED,M
11,124,당신은 할 수 있어요.,II,F
11,125,당신이 매년 전진하는 한 그것은 중요하지 않다.,ED,F
11,126,"한 학기에 3시간으로 늦춘다면, 너는 거기에 도착할 것이다.",II,F
11,127,내가 절대 낙제하지 않는 한.,DD,M
11,128,그래서 이번 학기에 12학점을 수강한다고?,QQ,F
11,129,난 12학점을 수강할거야.,DE,F
11,130,매년 24학점씩,EE,M
11,131,곱하기 4년,EE,M
11,132,그럼 96,EE,M
11,133,넌 6년 동안 여기 있을 거야,RE,F
11,134,나는 여름 학교를 다닐 것이다.,DE,M
11,135,난 여기 있을게,DE,F
11,137,아니야,KE,F
11,138,130시간 남았어,DE,F
11,139,24,EE,F
11,140,네 말이 맞다,II,F
11,141,지난 학기에 3개 받았어.,DE,F
11,142,거기서 3시간,EE,F
11,143,24 x 4 = 뭐라고 하셨죠?,QQ,F
11,144,96,EE,F
11,145,96,RR,M
11,146,96과 3,EE,F
11,147,그래요.,KK,F
11,148,그건 97이지.,EE,F
11,149,나는 거의 33시간이 부족할 것이다.,DE,F
11,150,그리고 만약 내가 매 여름마다 3시간씩 걸렸다면 그건 또 다른 12시간이다.,EE,F
11,151,나는 그것을 5년 안에 할 수 있다.,DE,F
11,153,아마 아닐거예요.,DD,F
11,154,만약 내가 여름 학교에 간다면,UD,F
11,155,만약 그렇지 않다면 그것은 5년보다 길 것이다.,ED,F